yshuv,shem_yshuv,Shem_mahoz,ledot16,Rtfr15t19_16,Rtfr20t24_16,Rtfr25t29_16,Rtfr30t34_16,Rtfr35t39_16,Rtfr40t44_16,Rtfr45t49_16,Rtfr16_tot,DiabAveCa14_16,DiabRate14_16,DiabDSR14_16,DiabSE_DSR14_16,shem_yshuv,BMI85plus_PerPuGR1,BMI85plus_PerPuGR7,pop_M,invasive_AvN_M,invasive_ASR_m,invasive_SE_m,prostate_AvN,prostate_ASR,prostate_SE,Lung_AvN_M,lung_ASR_M,lung_SE_M,Crc_AvN_M,CRC_ASR_M,CRC_SE_M,pop_f,city_over_50000,invasive_AvN_F,invasive_ASR_F,invasive_SE_F,Lung_AvN_F,lung_ASR_F,lung_SE_F,Crc_AvN_F,CRC_ASR_F,CRC_SE_F,breast_AvN,breast_ASR,breast_SE,TifkudYomi2_16,TifkudYomi3_16,TifkudYomi4_16,Popdensity,Totalpop16,Jewsother16,Jews16,Arabs16,Age0_17,Age75plus,Ptirot16,RibuiTivi_Tot16,RibuiTivi_leelef_1516,AhuzOlim1990,PtirTinok_ave1216,RPtirTinok_1216,Avtala_tot_avg16,Avtala_avg_m16,Kizbaot_tot16,HashlamatHahnasa16,HaftahatHahnasa16,Siud_tot16,NehutKlalit_tot16,Neyadut_tot16,NehutAvoda_tluim_tot16,Clalit_16,Maccabi_16,Meuhedet_16,Leumit_16,Sahar_shirim_tot15,Sahar_shirim15_m,Sahar_shirim15_f,Shirim_mispar_15,Shirim_adminimum15,Azmaim_mispar15,Hahnasa_lehidesh_azmaim15,Azmaim_ad_mahazit_sahar15,MadadGini_15,Bagrut_1516,Bagrut_zakaim_1516,Eshkol_13,Ereh_madad_13,Dirug_13,Eshkol_15,Ereh_madad_15,Dirug_15,MadadNegishut_15,Kirva_TA_15,Shetah_shiput_13,Megurim_kmr_13,Megurim_ahuz_13,Briut_kmr_13,Briut_ahuz_13,Tarbut_kmr_13,Tarbut_ahuz_13
28,מזכרת בתיה,המרכז,224,-,-21.9,139.5,228.4,135.2,33,..,2.8,559,45.5,55.34,1.4638,מזכרת בתיה,21,26,,,,,,,,,,,,,,,,,,,,,,,,,,,,,,,"1,861.30",13.4,100,98.7,-,35.5,2.1,27,197,15.1,7,0.2,..,98,38,985,16.9,100,121,221,45,49,52.7,26.7,19.2,1.5,13127.91,16758.92,9604.83,6827,27.4,530,11601.99,36,0.437,82.6,78.9,8,1.192,222,6,1.039,206,205,202,7.19,1.32,18.4,,-,0.04,0.6
31,אופקים,הדרום,724,..,135.9,253,218.6,98.2,35.2,..,3.74,1675,65.44,68.52,0.967043,אופקים,20,29,60753,37.4,357.4663,26.14052,,,,,,,,,,63551,,49,380.7435,24.32481,,,,,,,,,,,,,"2,565.00",26.6,99.3,93,-,34.1,4.3,146,578,22.1,20.2,1.8,-2.7,294,107,2765,44.3,1644,771,1184,104,100,67,24.7,0.8,7.6,6405,8019,4870,11978,45.4,474,8324,46.6,0.3836,51.7,34.8,3,-0.757,72,3,-0.492,63,51,101,10.24,2.55,24.9,0.03,0.3,0.11,1.1
70,אשדוד,הדרום,4640,5.7,124.9,200.6,186.2,113.7,28.4,-2.9,3.31,16056.33,73.3,60.46,0.278154,אשדוד,21,32,526155,433,379.3884,8.153707,85.4,73.40247,3.552194,49.6,43.01437,2.731415,62,53.95939,3.064688,551119,1,444,327.0764,6.941811,23.2,16.08246,1.493219,55.2,38.34821,2.308291,127.8,97.03988,3.838838,75.5,23.5,14.9,"4,783.90",221.6,99.9,90.1,-,31.3,6.4,1361,3279,14.8,29.6,12.2,2.7,2166,881,29516,36.6,6908,6509,5607,826,1210,32.9,28.2,21.4,17.5,7997,9994,6066,99335,39,5231,8888,45.5,0.4183,56.9,48.5,5,-0.109,118,7,1.255,213,215,189,46.13,9.43,20.4,0.04,0.1,0.31,0.7
154,תל מונד,המרכז,146,-,-14.9,130,214.5,98.5,-31.1,..,2.45,562.3333,47.63,62.55,1.622867,תל מונד,18,16,,,,,,,,,,,,,,,,,,,,,,,,,,,,,,,"1,712.80",12.2,100,98.9,-,34.7,2.3,30,116,9.6,6.4,,-,98,45,846,4.4,91,122,245,55,47,45.9,47.5,5,1.5,14056.74,17904.35,10202.37,5699,28.5,603,13015.24,31,0.4961,89.4,84.3,8,1.433,237,6,0.987,203,202,214,7.05,1.63,23.1,,-,0.08,1.1
166,גן יבנה,המרכז,328,-,24.3,170.1,184.4,99.5,-15.7,..,2.49,1028.333,46.48,60.7,1.171206,גן יבנה,19,26,52607,23.2,286.3313,26.58519,,,,,,,,,,52458,,25.2,280.3657,24.97696,,,,,,,,,,,,,"2,017.20",23.1,99.7,96.7,-,35,2.1,59,269,11.8,9,1.2,-3.7,177,67,1407,10.2,197,222,380,67,92,42,30.4,21.2,6.4,10942.89,13982.65,7993.779,10966,30.4,827,10494.19,34,0.4125,80.4,71.9,7,0.737,194,6,0.667,182,179,186,11.44,3.17,27.7,,-,0.08,0.7
168,כפר יונה,המרכז,383,..,29.5,147.9,181.5,113.3,24.7,..,2.52,990,46.24,54.61,1.06797,כפר יונה,17,27,50709,22.6,307.8107,28.9564,,,,,,,,,,50682,,27.4,302.7717,25.86753,,,,,,,,,,,,,"1,962.40",22.3,100,97.4,-,34.5,2.2,68,315,14.4,8.6,0.8,..,216,87,1651,11.6,216,194,483,81,80,50.9,30.3,9.8,9,10504,13272,7799,10073,30.5,903,10416,37,0.4176,70.9,57.4,7,0.786,197,6,0.877,196,194,198,11.34,2.49,22,0.01,0.1,0.07,0.6
182,אבן יהודה,המרכז,196,-,-25.5,108.2,209.2,120.7,-31,-,2.47,686,52.35,46.38,1.030751,אבן יהודה,17,25,,,,,,,,,,,,,,,,,,,,,,,,,,,,,,,"1,637.50",13.5,100,98.3,-,33.3,4.7,65,131,9.8,5.6,0.2,..,115,50,1563,3.8,45,218,189,68,53,42.8,37.6,16.1,3.4,13502.86,16816.52,10097.43,6077,27.6,660,12913.98,32.3,0.4837,81.1,71.7,8,1.569,244,7,1.201,211,209,216,8.25,2.51,30.4,,-,0.16,1.9
195,קדימה-צורן,המרכז,326,-,31.6,125.6,222.7,142.5,-19.1,..,2.71,657.3333,32.8,41.18,0.98074,קדימה-צורן,17,21,46288,20.8,275.6373,27.02846,,,,,,,,,,46303,,22.4,270.5215,25.56188,,,,,,,,,,,,,"2,040.30",21.4,99.9,98.1,-,33.6,2.8,56,270,12.9,7.3,,-,106,44,1359,10.2,162,176,368,62,75,51.8,35,8.8,4.3,12315.73,15533.81,9191.81,9834,29.9,1038,11961.15,33.5,0.4571,87.1,77.9,8,1.153,216,6,1.052,207,204,210,10.23,2.97,29,0.01,0.1,0.07,0.7
229,גני תקווה,המרכז,287,..,44.6,134.5,219.2,118.4,32,-,2.77,878,55.11,48.67,0.962765,גני תקווה,18,26,,,,,,,,,,,,,,,,,,,,,,,,,,,,,,,"8,204.30",17.3,99.9,98.6,-,33,4.3,47,240,14.4,4.9,0.2,..,127,52,2082,4.8,95,234,288,68,63,40.3,44.7,5.7,9.3,13436.31,16579.91,10507.36,8148,25.8,691,13638.32,30.4,0.4517,79.6,75.1,8,1.331,229,9,2.882,245,245,241,2.1,1.16,55.2,,-,0.04,1.9
240,יקנעם עילית,הצפון,344,-,-27.2,177.7,194.7,98.7,24.4,-,2.61,1218.667,57.27,58.51,0.977682,יקנעם עילית,20,29,50140,28.2,323.6142,27.25324,,,,,,,,,,51811,,41.4,384.4026,26.71783,,,,,,,,,,,,,"2,649.10",22,100,92.2,-,32.6,3.8,97,247,11.4,21.1,0.6,..,232,91,2201,28.5,404,326,556,82,91,50.7,33.3,0.9,15.1,10779,13635,7934,11205,29.3,518,10224,38.8,0.4186,78.6,64.2,7,0.8,199,5,0.066,129,127,138,8.21,1.96,23.9,0.01,0.1,0.08,1
246,נתיבות,הדרום,1048,-7.1,168.7,282.3,227.4,171.2,44.4,..,4.52,1400.333,45.35,65.29,1.016695,נתיבות,20,29,72888,26.4,276.1317,24.03418,,,,,,,,,,73052,,30.8,283.5923,22.85252,,,,,,,,,,,,,"2,874.70",32.5,99.9,96.6,-,42,2.8,112,936,29.3,11.8,5,5.4,337,129,2104,38,1705,587,1026,121,127,55.8,36.1,7.3,0.8,6314,7697,5047,13216,47.4,693,8438,45.6,0.3884,59.1,36.8,3,-0.76,71,4,-0.316,86,64,133,10.15,2.46,24.2,0.02,0.2,0.12,1.2
469,קרית עקרון,המרכז,216,..,70.8,146.5,197.7,107.3,-40.4,..,2.84,758,70.6,62.56,1.32344,קרית עקרון,22,24,,,,,,,,,,,,,,,,,,,,,,,,,,,,,,,"4,636.10",10.8,99.5,96.3,-,27.5,4.7,48,168,15.6,12,,-,113,48,1283,17.4,380,319,369,56,87,70.4,8.5,18.5,2.6,7775.629,9404.133,6225.678,5422,38,371,8358.381,41.5,0.3896,72.6,53,5,0.101,140,7,1.428,219,220,211,2.33,1.29,55.4,0.01,0.4,0.05,2.1
473,אבו סנאן,הצפון,228,-7.3,87.6,183.8,96.4,46.8,..,-,2.13,769.6667,58.03,77.94,1.693503,אבו סנאן,16,42,,,,,,,,,,,,,,,,,,,,,,,,,,,,,,,"2,017.70",13.5,,,100,33.8,2.1,49,179,13.3,,1.4,-6.3,88,53,747,21.4,993,114,498,73,54,60.5,8.6,5,26,6060.398,7314.211,4302.601,4900,49.7,435,7940.368,44.6,0.3866,56.1,39.2,3,-0.77,70,4,-0.269,93,109,60,6.66,1.64,24.6,,-,,
478,אכסאל,הצפון,317,-7,163.9,234.9,105.8,66.8,-20.9,-,3,831.3333,61.32,104.07,2.362251,אכסאל,23,40,,,,,,,,,,,,,,,,,,,,,,,,,,,,,,,"1,534.20",14,,,100,38.6,1.1,33,284,20.5,,0.8,..,68,53,546,34.1,873,120,423,99,63,86.8,9.1,0.6,3.6,6079.974,7235.919,4152.085,4698,51.4,565,9685.437,31.9,0.4061,52.5,42.8,3,-0.744,73,4,-0.106,109,113,116,8.99,1.42,15.8,,-,0.02,0.2
480,בית ג'ן,הצפון,196,..,49.1,182.7,117,-34.4,-17.6,-,2.01,488,43.01,59.22,1.579955,בית ג'ן,10,33,,,,,,,,,,,,,,,,,,,,,,,,,,,,,,,"1,750.10",11.6,,,100,31.4,2.9,36,160,13.9,,0.4,..,91,31,736,18.1,570,141,393,56,28,47.7,0.1,29.3,22.9,6508.576,9016.356,3482.328,4974,54.2,283,6358.148,59.7,0.4355,95.2,59.3,3,-0.695,79,3,-0.754,36,53,28,6.65,2.33,35,,-,0.04,0.6
481,מגאר,הצפון,411,-4.6,97.9,175.1,115.9,60.8,-23.4,-,2.39,1113,51.79,82.43,1.504145,מגאר,15,33,53740,15.8,260.3872,29.29585,,,,,,,,,,50963,,17.6,244.2022,26.03204,,,,,,,,,,,,,"1,058.30",21.9,,,100,33.5,1.9,57,354,16.3,,1.6,-4,174,91,1142,29.9,2738,223,1035,126,70,61,8.3,9.1,21.6,6067.457,7545.452,3561.942,7994,52.1,580,8135.522,46.4,0.4009,72.5,45,2,-0.985,41,3,-0.523,59,73,46,20.76,3.11,15,0.01,-,0.05,0.2
489,דבוריה,הצפון,201,..,126.4,224.4,157.8,-58.3,-15.3,-,2.93,657,67.08,88.98,2.09498,דבוריה,22,50,,,,,,,,,,,,,,,,,,,,,,,,,,,,,,,"1,822.00",10,,,100,37.3,2.3,30,171,17.2,,0.6,..,49,28,531,27.9,481,121,290,40,42,76.8,10.3,12.8,0.1,6312.167,7270.537,4948.878,3595,46.5,389,8278.16,40.9,0.3821,61.7,59.7,3,-0.655,81,4,-0.275,91,88,97,5.46,1.39,25.5,,-,0.03,0.5
490,דייר אל-אסד,הצפון,235,..,129.1,178.8,146.2,55.5,..,-,2.62,562.3333,48.48,82.45,2.12771,דייר אל-אסד,15,27,,,,,,,,,,,,,,,,,,,,,,,,,,,,,,,"2,314.70",11.9,,,100,38.4,1.6,27,208,17.6,,0.4,..,51,30,518,24.7,557,75,259,30,26,78.8,0.3,15.6,5.3,6171.183,7164.367,4730.124,4522,47.7,374,8905.785,39.6,0.3721,71.9,62.2,3,-0.772,68,4,-0.289,89,114,49,5.26,1.1,20.9,,-,,
494,דאלית אל-כרמל,חיפה,277,..,67.3,164.7,111.5,63.3,..,-,2.09,968,58.13,71.75,1.408273,דאלית אל-כרמל,22,36,,,,,,,,,,,,,,,,,,,,,,,,,,,,,,,"1,732.80",17,,,100,29.7,2.2,77,200,11.8,,1,-3.6,144,68,1113,22.3,539,191,754,97,114,50.2,6.4,19.6,23.8,7067.518,9105.689,4332.865,7168,44.3,677,6601.905,50.7,0.3934,54.4,51.5,4,-0.282,106,4,-0.081,112,98,134,10.12,5.04,49.8,0.01,0.1,0.05,0.5
498,טורעאן,הצפון,269,..,174.3,184.7,99.4,-38.6,-12.9,..,2.57,640.3333,48.63,79.52,1.916753,טורעאן,19,36,,,,,,,,,,,,,,,,,,,,,,,,,,,,,,,"1,130.50",13.5,,,100,38.4,1.7,25,244,18.2,,0.8,..,64,42,658,25.1,962,114,354,43,26,65.3,32.9,1.6,0.2,5581.416,6324.284,4329.261,4783,52.8,522,11254.59,29.7,0.3774,79.3,63,3,-0.86,55,4,-0.324,83,89,76,11.89,1.46,12.3,,-,0.01,0.1
499,יפיע,הצפון,336,-11.1,114.3,190.9,98,49,-8.5,..,2.37,1099.667,60.86,88.53,1.630586,יפיע,18,33,,,,,,,,,,,,,,,,,,,,,,,,,,,,,,,"4,511.30",18.4,,,100,36.1,1.8,53,283,15.4,,1.6,-4.5,105,67,1006,34.6,1124,176,511,97,109,69.8,12.5,10.4,7.4,5670.961,6523.439,4270.086,6862,50.4,523,8381.529,39,0.3618,66.4,51.1,3,-0.78,67,5,0.187,145,163,113,4.09,1.81,44.3,,-,,
502,ירכא,הצפון,302,-11.1,134,164.7,107.1,35.4,..,-,2.27,715,44.24,66.86,1.472458,ירכא,28,33,,,,,,,,,,,,,,,,,,,,,,,,,,,,,,,"1,064.20",16.6,,,100,36,2.7,36,266,16.2,,1.6,-5.7,93,55,738,10,863,126,602,115,78,55.8,0.3,25.7,18.2,6482.836,8104.424,4033.648,5450,48,503,6828.974,54.3,0.382,75.5,51.3,3,-0.874,54,4,-0.336,82,97,57,15.61,2.42,15.5,,-,0.01,0.1
504,כאבול,הצפון,259,-8.7,132,181.6,125.2,43.3,..,-,2.5,725,55.33,91.06,2.126183,כאבול,19,36,,,,,,,,,,,,,,,,,,,,,,,,,,,,,,,"1,931.20",13.4,,,100,38.4,1.4,34,225,16.9,,1.2,-5.2,64,41,507,45.2,1129,100,408,58,56,84.2,0.3,15,0.4,5820.087,6867.736,4210.487,4147,52.4,282,6585.531,47.5,0.3779,75.1,61,2,-0.933,51,4,-0.143,105,132,75,7.01,1.66,23.7,0.01,0.1,0.03,0.4
509,כפר כנא,הצפון,441,-8.5,133.8,222.2,118,59.5,-12.8,-,2.77,1115.667,52.99,86.71,1.62236,כפר כנא,13,35,51224,16.8,329.4998,35.95138,,,,,,,,,,50074,,11.8,195.7262,25.48138,,,,,,,,,,,,,"2,141.80",21.5,,,100,39.8,1.4,62,379,17.7,,3.4,-7.5,129,78,904,36.5,2360,171,629,110,71,76.5,3.1,18.8,1.5,5134.839,5760.124,4100.749,7282,57.8,612,8598.574,42.5,0.3875,60.9,49.5,2,-1.053,36,4,-0.067,117,139,88,10.05,2.7,26.9,,-,0.02,0.2
510,כפר מנדא,הצפון,441,43.3,182.1,176.1,122.1,56.1,-21.4,-,3.01,754.3333,41.26,85.3,1.946814,כפר מנדא,16,35,,,,,,,,,,,,,,,,,,,,,,,,,,,,,,,"1,708.40",18.8,,,100,41.9,1.3,36,405,21.7,,2.6,-5.9,118,86,797,31.2,2097,144,524,84,53,82,7,10.9,0.1,4853.64,5512.219,3468.682,5998,59.7,508,8615.368,45.3,0.352,70.3,48.8,2,-1.301,18,4,-0.191,101,104,89,11.03,1.47,13.3,,-,0.01,0.1
516,מג'ד אל-כרום,הצפון,228,-6.1,110.9,155.2,76.1,44.9,-13.1,-,2.03,614.6667,42.08,70.38,1.73702,מג'ד אל-כרום,24,42,,,,,,,,,,,,,,,,,,,,,,,,,,,,,,,"1,604.50",14.8,,,100,38.2,1.8,35,193,13,,1,-3.7,100,54,707,32.2,862,166,552,91,97,84.4,0.6,10,5,5334.744,6454.287,3710.979,5778,51.4,420,8330.64,44,0.3463,65,61.6,2,-0.977,45,4,-0.254,95,119,56,9.3,1.43,15.4,,-,0.02,0.2
522,נחף,הצפון,281,-10.3,156,211.1,124.4,93.9,-17,-,3.06,687.3333,57.23,108.34,2.584428,נחף,11,32,,,,,,,,,,,,,,,,,,,,,,,,,,,,,,,"2,032.70",12.3,,,100,41,1.3,26,255,20.8,,2,-7.2,57,39,487,32.2,737,95,476,72,39,56.4,2.5,31.8,9.2,5306.685,6206.124,3877.477,4378,55.7,335,6145.05,61.5,0.3715,70.7,43.2,2,-1.238,20,3,-0.438,71,90,43,6.11,1.19,19.5,,-,0.04,0.7
529,אעבלין,הצפון,235,-15.1,129.1,161.6,133.3,-43.2,..,-,2.45,715,56.86,82.1,1.936176,אעבלין,20,36,,,,,,,,,,,,,,,,,,,,,,,,,,,,,,,"1,065.60",12.8,,,100,35.9,1.7,39,196,15.4,,0.8,..,69,47,710,34.1,959,93,403,55,49,76.3,10.2,11.1,2.4,5855.407,6857.107,4448.692,4888,48.5,413,7170.913,47.2,0.367,56.3,54.5,3,-0.79,64,5,0.061,128,157,85,12.19,2.09,17.1,,-,0.05,0.4
531,עראבה,הצפון,521,-12.5,154.2,200.2,146.1,54.5,..,..,2.87,1249.333,52.56,93.53,1.64177,עראבה,26,44,57335,17,308.9802,33.5136,,,,,,,,,,57019,,16,230.9387,25.81973,,,,,,,,,,,,,"2,945.80",24.5,,,100,40.9,1.4,71,450,18.5,,2.4,-4.6,159,102,1082,31.3,3225,226,693,100,82,48.9,6.4,20.5,24.1,5891,6678,4769,8105,53.7,731,8420,45.4,0.3938,70.6,54.6,2,-0.945,49,4,-0.344,81,96,54,8.25,2.9,35.2,,-,0.01,0.1
532,עין מאהל,הצפון,262,..,127.8,212.6,135.4,68.2,-26.8,..,2.87,653.3333,52.83,90.02,2.244601,עין מאהל,15,35,,,,,,,,,,,,,,,,,,,,,,,,,,,,,,,"2,419.30",12.6,,,100,38.2,1.3,40,222,17.7,,1.8,-7,63,45,509,39.5,724,110,440,60,40,82,0.5,17.4,0.2,4938.598,5679.381,3643.895,4575,56.8,273,7402.543,41,0.3471,50.6,37.4,2,-1.196,22,4,-0.126,108,120,92,5.2,1.15,22.1,,-,0.01,0.2
534,עספיא,חיפה,194,-,58.7,151.5,127.2,75.3,..,-,2.09,690.3333,58.85,67.8,1.526086,עספיא,21,41,,,,,,,,,,,,,,,,,,,,,,,,,,,,,,,"1,663.30",11.9,,,100,29.9,2.9,36,158,13.3,,,-,101,46,938,19.3,319,155,327,42,51,40.1,2.6,35.5,21.7,7439.509,9761.385,4491.652,4950,44.4,437,6248.177,57.7,0.4248,72.7,61.6,4,-0.36,102,4,-0.067,119,106,131,7.15,2.9,40.6,0.01,0.1,0.01,0.1
537,פוריידיס,חיפה,278,-11,163.6,172,138.4,75.2,..,-,2.85,788.3333,64.4,99.91,2.252356,פוריידיס,19,42,,,,,,,,,,,,,,,,,,,,,,,,,,,,,,,"3,105.50",12.6,,,100,37.7,1.4,36,242,19.4,,1.2,-4.5,101,55,582,23.9,530,123,374,51,48,83.8,10,6,0.2,5489.985,6734.852,3698.726,4951,49.8,366,7649.953,46.2,0.3373,67.9,31.6,2,-1.001,39,5,0.163,141,125,154,4.06,0.79,19.5,0.01,0.2,0.02,0.5
541,ג'סר א-זרקא,חיפה,380,27.7,163.7,211.7,160,85.5,-24.1,-,3.36,952,68.87,138.12,3.122129,ג'סר א-זרקא,35,61,,,,,,,,,,,,,,,,,,,,,,,,,,,,,,,"8,879.50",14.2,,,100,43.7,0.6,49,331,23.5,,3.2,-8.6,81,42,462,12.3,984,66,665,39,18,83.1,0.1,0.1,16.7,4869.805,5849.416,3717.639,5547,49.9,115,6777.172,51.3,0.2727,23.1,15.7,2,-1.509,13,5,0.304,160,144,169,1.61,0.89,55.3,0.01,0.6,0.01,0.6
542,ריינה,הצפון,312,-5,126.2,156.6,117,-30.7,-8.5,-,2.22,889.3333,48.69,72.07,1.485019,ריינה,15,37,,,,,,,,,,,,,,,,,,,,,,,,,,,,,,,"1,712.10",18.6,,,100,36.1,1.8,55,257,13.9,,1.6,-5.4,93,64,796,27.3,1052,172,525,54,77,66.4,13.6,16.2,3.8,5594.469,6544.597,3950.443,5862,51.7,462,8119.067,42.6,0.3685,54.5,37.9,3,-0.879,52,5,0.278,157,176,100,10.8,2.36,21.9,,-,0.01,0.1
565,אזור,תל אביב,224,..,-35.2,159.7,153.6,73,-48.1,..,2.39,855.6667,70.5,56.37,1.123957,אזור,22,36,,,,,,,,,,,,,,,,,,,,,,,,,,,,,,,"5,661.90",12.6,99.8,94.4,-,26.4,5.5,71,153,12.3,10.1,0.6,..,117,49,1506,9.6,134,289,313,75,59,42.7,50.7,3.4,3.2,9091.599,10691.18,7510.034,5827,31.9,574,10698.84,39.4,0.3998,72.3,49.1,7,0.643,185,9,2.899,246,246,250,2.21,1.24,56.1,,-,0.04,1.8
628,ג'ת,חיפה,240,..,113.2,258.3,132.2,63,..,-,2.89,750.3333,67.93,92.44,2.062989,ג'ת,14,40,,,,,,,,,,,,,,,,,,,,,,,,,,,,,,,"1,626.40",11.4,,,100,36,2,0,240,21.2,,,,58,33,611,14.9,252,104,182,16,26,60,0.6,9.5,29.9,7148.308,8211.549,5688.483,4587,40.9,495,7858.049,45.7,0.3749,69.4,56,4,-0.425,94,5,0.489,174,161,177,7.03,2.06,29.3,0.01,0.1,0.05,0.7
634,כפר קאסם,המרכז,517,19.9,164.4,208.8,133.9,65.6,-18.2,-,3.05,1296.667,59.97,108.95,1.928688,כפר קאסם,24,42,53303,10.2,204.0976,28.57938,,,,,,,,,,50748,,12.4,193.4589,24.56931,,,,,,,,,,,,,"2,391.50",22.3,,,100,40.6,1.2,54,463,21,,4,8.3,72,39,849,28.7,424,280,763,102,99,87.3,0.4,4.7,7.5,5632,6657,4270,8227,50.8,780,7243,48.2,0.3544,65.5,46.6,3,-0.841,56,7,1.427,218,217,226,9.37,2.32,24.8,,-,0.04,0.4
637,ערערה,חיפה,340,..,98.8,153.6,74.8,52.4,-9.1,-,1.95,1176,49.45,71.07,1.254362,ערערה,19,33,57534,17,258.8611,28.07743,,,,,,,,,,56545,,15.6,181.1093,20.50659,,,,,,,,,,,,,"2,632.50",24.2,,,100,38,2.1,64,276,11.5,,2.6,-7.4,124,75,1127,20.1,792,292,580,97,76,70.2,3.7,23.1,3,6145.809,7076.377,4829.48,7106,47.9,515,6805.547,48.3,0.3665,61.6,52.6,3,-0.789,65,5,0.262,156,149,153,9.13,3.69,40.4,,-,0.04,0.4
638,קלנסווה,המרכז,495,22.8,180.4,191.5,124,77.3,-21.6,-,3.09,1468.667,69.1,122.48,2.0447,קלנסווה,28,50,52043,13.2,245.2046,30.1826,,,,,,,,,,49840,,11.8,181.9612,23.68933,,,,,,,,,,,,,"2,603.20",21.9,,,100,41.8,1.2,45,450,20.8,,0.8,..,94,67,934,26.8,1642,192,772,94,83,77.9,17.2,0.8,4,6038,7057,4507,7685,48.3,678,7239,47.8,0.3728,60.8,35.2,2,-1.011,38,6,0.837,193,189,197,8.4,2.41,28.7,0.02,0.2,0.02,0.2
654,כפר קרע,חיפה,341,-5.6,81.2,184.5,145.6,64.1,-18.4,-,2.5,1198.333,68.36,99.12,1.778402,כפר קרע,18,38,,,,,,,,,,,,,,,,,,,,,,,,,,,,,,,"2,300.50",18,,,100,35.7,1.7,46,295,16.5,,1.4,-4.1,103,61,919,16.8,572,231,519,83,67,66.5,7.3,17.8,8.4,6707.235,7995.764,5097.627,7564,45,621,8052.616,41.7,0.3782,63.8,53.5,4,-0.388,97,5,0.259,154,145,156,7.82,4.29,54.9,,-,0.03,0.4
681,גבעת שמואל,המרכז,552,..,43.7,217.1,220.5,110.5,36.4,-7.7,3.19,1120.333,44.95,44.94,0.780364,גבעת שמואל,17,25,59466,33.8,310.7807,23.90621,,,,,,,,,,59803,,34.8,293.6513,22.26165,,,,,,,,,,,,,"9,978.10",25.5,99.9,98.7,-,35.1,4.6,96,456,17.9,9.4,1,-1.9,145,67,2518,8.8,119,346,388,97,77,37.2,49.7,7.7,5.4,12470,15143,9877,11040,28.8,823,14456,29.4,0.4524,86.3,80.3,8,1.124,214,10,3.876,251,251,243,2.55,1.09,42.7,,-,0.04,1.6
874,מגדל העמק,הצפון,447,..,78.5,182,190.3,85.9,-14.8,..,2.79,1952,78.42,63.91,0.840584,מגדל העמק,23,32,60548,42,312.4543,21.56139,,,,,,,,,,62001,,52.2,333.0446,20.61494,,,,,,,,,,,,,"2,876.60",25.1,100,90.4,-,29.5,5.6,200,247,9.9,24.5,1.2,-2.7,317,132,3747,35.3,1220,722,1475,145,117,68.7,21.3,0.6,9.4,6931,8583,5288,12368,40.5,466,8835,46.1,0.3755,52.6,38.4,4,-0.273,108,5,0.02,123,146,108,8.75,2.49,28.5,0.02,0.2,0.07,0.8
922,רכסים,חיפה,417,-7.8,244.3,333.8,271.8,190.1,-79.8,..,5.72,300.3333,28.41,55.55,1.923971,רכסים,14,26,,,,,,,,,,,,,,,,,,,,,,,,,,,,,,,"3,540.80",11.4,100,99.9,-,49.7,1.5,26,391,35.5,2.5,3,-7.7,78,25,483,11.4,468,60,236,32,12,35.1,32.3,26.9,5.7,5077.307,5946.718,4474.958,3279,58.1,145,5890.306,61.4,0.4303,13.6,6.3,2,-1.433,15,5,0.134,137,155,123,3.25,0.71,21.8,0.01,0.3,0.02,0.6
1015,מבשרת ציון,ירושלים,442,..,45.4,150.6,219.1,102.3,31.5,..,2.78,1218,49.92,41.49,0.713253,מבשרת ציון,22,29,61453,38.4,281.4365,20.31093,,,,,,,,,,61467,,41,287.7985,20.10072,,,,,,,,,,,,,"3,909.40",24.4,99.6,96.4,-,27.6,4.5,72,370,15.2,9.2,0.2,..,170,78,3247,5,325,320,450,103,110,43,21,33.4,2.6,11504.5,13747.13,9325.883,11809,32.3,862,11456.13,36,0.4721,81.9,68.5,8,1.116,212,6,0.927,198,206,164,6.41,2.61,40.7,0.01,0.2,0.03,0.5
1020,אור עקיבא,חיפה,373,..,106.6,180.1,190.9,109.2,-11.5,-,3,1438.667,84.78,67.7,1.035035,אור עקיבא,24,30,,,,,,,,,,,,,,,,,,,,,,,,,,,,,,,"3,165.30",17.6,99.5,92.4,-,27.6,5.9,134,239,13.8,29.8,1,-3,251,113,2584,36.1,549,580,656,93,100,68.1,16.2,10.4,5.3,7117,8572,5744,9178,38,560,7915,43.8,0.3607,70.1,60.2,5,-0.097,119,5,0.4,166,153,175,5.54,1.54,27.8,,-,0.12,2.2
1031,שדרות,הדרום,584,-8.3,135.2,207.3,172.8,99.8,-28,..,3.27,1672.333,73.23,68.01,0.961303,שדרות,27,49,55351,40,386.5159,27.3308,,,,,,,,,,53707,,39.2,317.8635,22.70453,,,,,,,,,,,,,"3,788.00",24,99.5,93.9,-,28.6,4.5,152,432,18.3,25.3,1.4,-2.6,299,135,2544,40.5,1349,772,937,117,123,59.7,23.3,1.2,15.8,6962,8573,5273,12012,41.4,553,9109,42.7,0.3755,72.3,61.2,4,-0.223,112,4,-0.163,102,75,145,6.3,2.13,33.8,0.02,0.3,0.12,1.9
1034,קרית מלאכי,הדרום,544,-13,115.7,214,197.6,117.6,-33.8,..,3.47,1451.667,67.55,69.47,1.062869,קרית מלאכי,18,29,54181,24.6,276.2973,24.91289,,,,,,,,,,51775,,29.6,286.9846,23.58999,,,,,,,,,,,,,"4,741.20",21.8,99.8,98.2,-,32.6,3.6,109,435,20.1,15.7,0.8,..,236,102,2147,31.8,1447,566,996,116,159,62,8.8,2.4,26.9,6018,7374,4563,10373,46.2,526,8483,39.9,0.366,61.2,52.2,3,-0.594,85,5,0.519,176,164,179,4.54,1.31,28.9,0.02,0.4,0.05,1.1
1054,תל שבע,הדרום,701,41.5,279,280.7,244,154.4,58.8,-,5.29,622.6667,33.9,111.73,3.027012,תל שבע,13,32,,,,,,,,,,,,,,,,,,,,,,,,,,,,,,,"2,034.30",19.2,,,100,56.2,0.5,48,653,34.5,,8,11.9,46,35,418,56.5,5050,64,376,80,13,94.9,0.6,3.9,0.7,5083.167,5869.361,3530.3,3954,55.7,135,11588.19,38.5,0.3639,37.9,25.9,1,-2.118,3,3,-0.449,70,67,82,9.43,3.29,34.9,0.01,0.1,0.02,0.2
1059,כסיפה,הדרום,604,17.7,206.5,248.2,246.9,121.4,-44,-,4.42,440.6667,23.37,65.65,2.040287,כסיפה,10,25,,,,,,,,,,,,,,,,,,,,,,,,,,,,,,,"1,440.30",19.7,,,100,54,0.6,35,569,29.3,,8.8,16,76,54,378,59.8,3569,57,268,76,17,82.3,6.3,0.2,11.2,5459.16,6309.433,3757.922,3691,49.6,97,6813.548,56.7,0.3315,56.3,38.2,1,-1.892,9,3,-0.834,33,26,51,13.56,2.64,19.5,,-,0.04,0.3
1060,לקיה,הדרום,500,-22.4,276.4,334,280.7,216.3,69.9,..,6.05,445.6667,38.66,107.09,3.492906,לקיה,16,28,,,,,,,,,,,,,,,,,,,,,,,,,,,,,,,"1,723.00",12.3,,,100,52.3,0.6,29,471,39.1,,4,8.6,56,39,364,63.7,3320,62,194,40,11,70.4,9.9,7.2,12.5,5305.887,6016.39,4086.06,3483,54.2,118,7652.881,49.2,0.3623,57.9,33.1,1,-1.871,10,3,-0.502,61,52,98,5.5,1.96,35.6,0.01,0.2,0.01,0.2
1061,נצרת עילית,הצפון,624,-4.1,78.7,172.6,157.5,63.7,16.7,..,2.47,4026.333,99.94,63.19,0.590313,נצרת עילית,18,27,96681,117.8,427.539,17.61644,,,,,,,,,,105994,,125.8,358.4196,14.29113,,,,,,,,,,,,,"1,224.40",40.2,75.5,61.2,24.5,23.2,8.7,412,212,5.3,36.8,2,-3.6,516,233,8018,45.5,2803,1643,1788,295,187,59.2,26,6.9,7.9,7101,8435,5785,20864,39,993,8925,47.4,0.3847,62.5,53.5,5,0.055,137,5,0.203,149,169,105,33.02,3.58,10.8,0.04,0.1,0.13,0.4
1063,מעלות-תרשיחא,הצפון,355,-6.9,56.4,183.9,189.9,79.8,-21.9,..,2.71,1643.333,77.62,62.8,0.897669,מעלות-תרשיחא,22,30,52803,37,333.5663,24.52428,,,,,,,,,,52664,,48.2,369.2647,23.78643,,,,,,,,,,,,,"2,303.00",21.1,79.2,67.6,20.8,27.5,6.1,131,224,10.6,30.9,1.8,-4.8,269,123,2896,45.5,940,417,662,86,86,60.7,10.3,19.6,9.4,7745,9360,6005,10503,37,564,8929,41.7,0.38,67.4,55.1,5,0.024,134,3,-0.65,43,66,34,9.22,2.56,27.8,0.01,0.1,0.14,1.5
1139,כרמיאל,הצפון,649,..,39.3,150.1,161,86.6,19.7,..,2.31,3982,88.82,61.23,0.570033,כרמיאל,22,33,108803,114.8,423.832,17.69041,,,,,,,,,,114639,,124.6,378.6401,15.1699,,,,,,,,,,,,,"2,056.30",45.3,97,82.5,-,24.9,6.9,343,306,6.8,35,1.6,-2.4,563,233,7879,38.7,1534,1099,1545,216,237,54.5,31.9,6.9,6.8,8347,10242,6438,23485,36.2,1186,8004,52.4,0.4086,74.8,60.7,6,0.309,159,4,-0.273,92,117,50,21.93,4.06,18.5,0.02,0.1,0.17,0.8
1161,רהט,הדרום,2078,38.1,219.5,242.6,209,129.4,42,..,4.42,1874.667,30.5,91.43,1.393825,רהט,19,36,144690,17.8,261.9691,27.76867,1.8,30.03064,10.01021,4,74.25308,16.60349,1.2,20.90356,8.533842,144259,1,19.4,142.9911,14.51855,0.8,8.025326,4.012663,1,5.423463,2.425446,5.2,37.97464,7.44744,,,,"3,283.90",64.5,,,100,52.2,0.7,107,1971,31.1,,21,10.5,231,117,1386,56.6,8546,321,1484,258,102,83.5,2.5,0.9,13.2,4793,5911,3187,16648,58.2,662,9585,43.1,0.3346,46.2,29.4,1,-1.848,11,4,-0.162,103,91,130,19.63,6.11,31.1,,-,0.13,0.7
1192,ערערה-בנגב,הדרום,575,25.8,216.5,327,228.7,200.1,60.5,..,5.31,409,26.28,91.58,2.952772,ערערה-בנגב,9,25,,,,,,,,,,,,,,,,,,,,,,,,,,,,,,,"1,164.90",16.3,,,100,55.5,0.5,30,545,33.9,,3.6,-6.4,64,51,311,65.9,4177,58,241,46,13,79.8,4.8,9.5,5.9,5874.666,7119.047,2985.739,3202,48.2,116,11179.62,37.9,0.3412,42.8,17.9,1,-2.01,5,3,-0.904,29,23,41,13.97,2.46,17.6,,-,0.08,0.6
1200,מודיעין-מכבים-רעות,המרכז,1231,..,12.5,130.1,199.3,103.9,23.5,-2.8,2.36,2878.667,32.78,45.56,0.517578,מודיעין-מכבים-רעות,17,25,208176,90.6,325.4217,15.28964,13.8,55.58141,6.691216,7.6,37.43537,6.072819,11.6,46.2741,6.076087,209837,1,102,308.2762,13.6507,4.4,17.78785,3.792382,10.4,36.70141,5.08957,36.4,97.06811,7.195167,,,,"1,862.50",90,100,98,-,37.7,2.3,160,1071,12,10.5,2.4,-1.7,621,273,5428,8,197,521,931,178,194,35.7,43.4,16.7,4.2,14217,18300,10222,41101,24.6,3015,12029,34.9,0.436,89.9,85.1,8,1.351,231,7,1.134,209,210,194,48.33,6.62,13.7,,-,0.15,0.3
1292,ג'דיידה-מכר,הצפון,360,..,114.1,202.6,117.9,50.3,-12.4,..,2.51,1164.333,58.49,87.58,1.606561,ג'דיידה-מכר,24,41,,,,,,,,,,,,,,,,,,,,,,,,,,,,,,,"2,228.50",20.3,,,100,36.3,1.6,80,280,13.9,,2,-6.1,164,97,1025,28.1,2365,142,685,102,92,87.2,1.1,1.5,10.1,5462.706,6482.302,4102.011,7718,52.9,522,7808.911,45.6,0.3729,69.2,57.7,2,-1.084,33,4,-0.161,104,133,69,9.07,1.93,21.3,0.01,0.1,0.05,0.6
1303,חורה,הדרום,603,31.5,234.2,247.5,206.9,159.2,48.8,-,4.64,377.3333,19.76,70.84,2.376505,חורה,10,27,,,,,,,,,,,,,,,,,,,,,,,,,,,,,,,"2,291.40",20,,,100,57.2,0.6,29,574,29.2,,5.4,9.7,39,27,362,58.6,3285,54,308,55,25,86.6,0.4,0.4,12.7,5692.728,6409.545,4239.165,3376,48.3,158,7991.174,53.8,0.3388,61.3,43.1,1,-1.948,7,3,-0.547,57,50,81,8.71,3.35,38.5,,-,0.06,0.7
1304,שוהם,המרכז,208,-,-11.9,113.4,205.2,116.2,-14.1,..,2.31,703.6667,34.85,46.77,1.137282,שוהם,16,22,48742,18.8,303.7709,31.33158,,,,,,,,,,49200,,27.4,315.73,26.97463,,,,,,,,,,,,,"2,888.60",20.7,100,99.3,-,31.9,2,40,168,8.2,4.2,,-,141,59,1117,3.3,29,85,205,53,54,40,50.3,8.2,1.5,14725.83,18326.07,11339.07,10670,26.5,799,14695.99,30.2,0.4481,91.4,87.6,9,1.679,247,7,1.313,216,214,222,7.2,1.7,23.6,0.01,0.1,0.12,1.7
1309,אלעד,המרכז,1444,-8.4,234.6,280.8,258.9,205,52.8,..,5.23,598.3333,13.53,60.41,1.829819,אלעד,12,22,105129,13.8,248.9157,29.96593,,,,,,,,,,103560,,17.8,309.1347,32.76821,,,,,,,,,,,,,"13,138.60",45.9,100,100,-,60,0.3,34,1410,31.1,2.8,3.4,-2.2,287,117,667,9,401,73,603,61,6,36.1,29,26.3,8.6,6129,7377,5146,11806,48.6,810,7423,50.7,0.391,36.2,19.7,2,-1.493,14,7,1.511,223,222,225,3.47,1.15,33.1,0.01,0.3,,
1327,מעלה עירון,חיפה,269,-8,113,211.9,130.7,51.1,-15.7,..,2.69,937.6667,66.99,106.14,2.182742,מעלה עירון,14,38,,,,,,,,,,,,,,,,,,,,,,,,,,,,,,,"2,304.10",14.3,,,100,38.7,1.4,53,216,15.2,,1.4,-4.9,107,65,1375,9.9,1324,171,378,56,67,70.5,2.5,26.7,0.4,5475.677,6316.903,3867.242,4799,54.2,366,8542.093,44.8,0.3766,55.8,45.8,2,-1.114,28,5,0.146,138,138,146,6.13,2.22,36.2,0.01,0.2,0.01,0.2
2100,טירת כרמל,חיפה,402,..,69.4,206.5,179.1,85.5,-12.3,-,2.78,1766.667,91.8,69.8,0.966907,טירת כרמל,33,40,,,,,,,,,,,,,,,,,,,,,,,,,,,,,,,"3,425.40",20.3,99.7,95.8,-,25.6,5.8,178,224,11.3,16.5,1,-3,218,104,3018,24.9,1050,474,1058,121,133,68.2,16.2,2.7,12.9,7357,9064,5667,10127,39.3,516,8212,46.5,0.3886,72.5,56.8,4,-0.138,117,5,0.087,134,140,135,5.92,1.38,23.3,0.04,0.7,0.04,0.7
2200,דימונה,הדרום,647,-6.9,69.8,199.3,156.1,93.4,34.1,..,2.8,2878,86.54,75.44,0.815498,דימונה,22,37,81577,59.2,360.1614,20.93395,,,,,,,,,,83239,,58.4,295.5874,17.29795,,,,,,,,,,,,,193.7,33.5,99.4,90.2,-,28.9,4.9,230,417,12.5,16.4,1.6,-2.4,439,172,4297,39.2,3300,905,1637,190,270,68.3,25.8,0.2,5.7,8252,10765,5528,16576,39.3,544,8462,47.4,0.4157,61.5,50.6,4,-0.235,111,3,-0.971,22,24,27,173.01,2.87,1.7,0.03,-,0.15,0.1
2300,קרית טבעון,חיפה,188,-,-10.8,93.2,157.7,89.9,-29,..,1.91,1090,61.68,40.17,0.726362,קרית טבעון,16,25,,,,,,,,,,,,,,,,,,,,,,,,,,,,,,,"2,140.10",17.6,99.6,97.7,-,25.1,8.7,123,65,3.7,5.3,0.4,..,109,46,2739,6.1,105,313,384,93,81,61.2,36.7,1.3,0.8,12175.06,15530.21,8853.914,7460,33.1,728,11384.47,42.2,0.4764,75.1,71.2,8,1.307,227,5,0.107,135,150,129,7.99,3.64,45.6,0.02,0.3,0.04,0.5
2400,אור יהודה,תל אביב,734,..,88.5,195.7,167.3,80,-17,..,2.77,2683.667,74.47,66.58,0.744628,אור יהודה,26,32,88051,58.6,342.8601,20.0301,,,,,,,,,,89340,,56.2,277.5269,16.55587,,,,,,,,,,,,,"5,477.70",36.5,99.9,97.8,-,28.5,4.8,180,554,15.2,14.3,0.8,..,360,161,4302,17.9,713,1113,1548,183,126,59.3,32.8,2.6,5.3,7827,9310,6400,16975,36.5,1415,9510,39.8,0.3948,64.7,48.5,5,0.133,143,8,2.482,240,240,250,6.7,2.11,31.5,0.01,0.1,0.08,1.2
2500,נשר,חיפה,349,..,28.4,116.1,162,75.4,27.4,..,2.08,1738,74.03,52.06,0.731511,נשר,23,38,57287,51.8,366.4071,22.76743,,,,,,,,,,60487,,53.4,327.6853,20.05402,,,,,,,,,,,,,"1,828.90",23.7,98.8,88.4,-,22.2,7.3,169,180,7.6,28,0.2,..,217,95,3576,29.9,430,454,707,105,117,48.1,40.2,4.1,7.6,9403,11495,7335,11796,34.1,616,9297,42.4,0.4299,83.9,70.2,7,0.783,196,5,0.314,161,174,121,13.02,1.64,12.6,0.02,0.2,0.12,0.9
2530,באר יעקב,המרכז,440,..,67.3,188.9,171.9,124.5,35.1,-,2.96,765,41.76,53.98,1.175267,באר יעקב,20,30,,,,,,,,,,,,,,,,,,,,,,,,,,,,,,,"2,366.80",20.4,99.6,96.5,-,36.9,2.3,48,392,20.2,11,0.2,..,157,58,1268,11,179,109,336,45,49,53.6,33.2,8.9,4.3,10559.32,13137.82,8109.053,9059,25.3,703,10908.68,32.6,0.3846,63,41.8,7,0.622,180,8,1.952,231,231,230,8.6,1.85,21.5,0.44,5.1,0.07,0.8
2550,גדרה,המרכז,358,-,29,138.8,191.2,83.7,18.5,..,2.31,1232.333,47.28,50.74,0.83954,גדרה,24,31,60455,28.2,269.4936,22.69546,,,,,,,,,,64302,,32.8,270.715,21.13929,,,,,,,,,,,,,"2,366.20",27,99.6,97.6,-,36.9,4.9,96,262,9.8,8.8,1.2,-2.8,188,69,2270,15.7,307,474,400,73,92,57.8,25,15.9,1.4,11462.15,14504.55,8528.576,11367,28.6,787,11126.04,33.4,0.4293,87,70.9,7,0.683,190,6,0.928,200,201,195,11.41,2.81,24.6,0.05,0.4,0.06,0.5
2560,ערד,הדרום,632,-8.4,194,257.1,180.7,113.1,36.4,..,3.96,2261.333,92.77,71.15,0.886382,ערד,23,32,58299,58.4,405.3676,23.72234,,,,,,,,,,61664,,64,357.0673,19.96067,,,,,,,,,,,,,195.9,24.7,97,80.5,-,29.9,7.1,210,422,17.2,32.3,2,-3.6,255,112,3925,45.8,1123,710,1181,130,146,31.7,56.3,0.6,11.4,7139,9202,5234,11107,43.4,538,7334,50.2,0.418,60.7,52.1,4,-0.287,105,3,-0.965,23,22,33,102.61,2.79,2.7,0.01,-,0.21,0.2
2600,אילת,הדרום,867,..,42.1,143.8,152.7,84.2,29.4,-4.3,2.29,2798.667,56.81,57.76,0.654026,אילת,24,34,124132,81.8,401.2015,19.83814,,,,,,,,,,116188,,77.2,339.1302,17.26127,,,,,,,,,,,,,509.6,50.1,95.7,82.3,4.3,25.7,3.1,206,661,13.2,21.3,1.2,-1.3,595,276,4810,21.4,1443,384,1608,249,282,56,32.8,4.3,6.9,7634,8806,6344,30766,35.5,1974,10742,29.2,0.3678,66.7,57.4,6,0.247,153,1,-2.483,1,4,1,98.76,4.03,4.1,0.04,-,0.95,1
2610,בית שמש,ירושלים,3887,20.1,240.6,308,267.2,198.8,68.5,-9.1,5.56,2633,25.99,55.25,0.645712,בית שמש,13,25,229394,57.8,280.2803,16.48708,8,46.89973,7.415499,5.6,28.84679,5.451531,6.4,37.653,6.656174,229661,1,74.8,313.9538,16.23416,3.8,18.09427,4.15111,9.8,46.93188,6.704555,25.8,109.3405,9.626893,93.2,,,"2,866.60",109.8,99.9,98.1,-,51.8,1.6,198,3689,34.5,17.1,6.4,1.9,577,218,3909,30.1,2372,824,2156,233,201,26.8,11.4,44,17.8,6569,8327,5037,30834,48.4,1787,8397,48.9,0.4329,34.3,27.2,2,-1.149,25,5,0.621,180,181,171,38.67,4.4,11.4,0.03,0.1,0.08,0.2
2620,קרית אונו,תל אביב,586,..,25.4,102.3,173.7,107.3,33,..,2.22,2061.333,55.48,44.5,0.572991,קרית אונו,19,19,84595,56.4,289.7623,17.2551,,,,,,,,,,90351,,76.2,338.6422,17.34917,,,,,,,,,,,,,"8,557.80",38.6,100,97.5,-,30.9,6.2,186,400,10.5,6.9,0.6,..,279,111,5262,9.2,175,823,645,145,113,41.5,45.4,5.6,7.5,13664,16646,10830,17354,25.1,1433,13470,32.1,0.4579,84.4,82,8,1.513,242,9,3.16,249,249,250,4.54,2.59,57,0.03,0.7,0.06,1.3
2630,קרית גת,הדרום,1301,-9,127.7,224,201.1,101.9,32.4,-3.9,3.5,3887,76.21,64.91,0.603701,קרית גת,18,36,120926,92,361.5684,16.85821,14,53.55278,6.400781,13.6,53.87994,6.533903,16,62.94054,7.036966,124566,1,90.8,294.9059,13.84062,4.8,14.43556,2.946647,10.8,33.38985,4.543784,22.4,74.58453,7.047576,,,,"3,328.20",52.6,99.9,93.9,-,30.8,5.5,333,968,18.6,24,3,-2.7,635,238,6678,38.9,2911,1595,2040,273,326,48.3,26.8,9.6,15.3,6670,8201,5134,25578,42.4,1206,9105,39.1,0.3789,62.4,49.6,4,-0.378,100,5,0.18,143,128,155,15.91,3.48,21.9,0.01,0.1,0.17,1.1
2640,ראש העין,המרכז,759,..,37.4,144.5,185.1,107.2,30.8,-4.6,2.55,2607.333,60.84,63.89,0.74343,ראש העין,16,25,102572,50.6,284.0366,17.85723,,,,,,,,,,102531,,57,276.3771,16.37117,,,,,,,,,,,,,"2,868.00",45.5,100,98.7,-,29.5,3.4,160,599,13.5,5.5,2,-2.7,381,166,3671,9.5,466,686,1042,188,172,57.3,27.8,8.9,6.1,10105,12390,7905,23076,32.2,1534,10404,40.5,0.4351,74.3,67.8,7,0.578,177,7,1.683,226,227,223,15.84,5.07,32,,-,0.09,0.6
2650,רמת השרון,תל אביב,690,-,21.3,109.8,202.7,128.3,40.3,-4.6,2.53,2644,59.67,39.62,0.458827,רמת השרון,25,23,103983,97.4,338.0758,15.31968,,,,,,,,,,112278,,124.4,386.709,15.50562,,,,,,,,,,,,,"2,708.30",45.1,99.9,98.6,-,28.4,8.1,269,421,9.4,4.9,1,-1.4,296,120,7836,4.3,128,784,724,191,142,34.6,57.9,4,3.5,13937,17442,10532,19838,27.4,2129,13495,35.3,0.5129,79.9,75.4,9,1.796,248,8,2.4,239,239,250,16.62,4.56,27.4,0.04,0.2,0.18,1.1
2660,יבנה,המרכז,1053,..,71.1,194.6,215.5,112.2,26.7,-5.8,3.14,2476.333,60.76,59.57,0.719699,יבנה,19,27,90263,54.6,315.4344,19.09096,,,,,,,,,,91071,,57,295.0756,17.47877,,,,,,,,,,,,,"2,690.90",44.1,99.9,97.3,-,31.5,2.9,155,898,20.8,10.3,2,-2.3,374,138,4263,18.1,876,839,1133,204,219,48.7,38.6,7.6,5.1,9619,12214,6998,22286,32.3,1423,10775,34.9,0.4304,79.2,63.4,6,0.455,168,7,1.258,214,213,215,16.31,2.9,17.8,0.01,0.1,0.31,1.9
2710,אום אל-פחם,חיפה,1081,12.1,150.1,198.8,129.6,59,-10.6,..,2.8,3386.333,65.2,110.93,1.215341,אום אל-פחם,21,39,126789,37.4,326.9781,23.91101,4.6,47.54926,9.914706,7.4,70.45954,11.58348,2.6,21.16859,5.871109,122979,1,33.6,206.6138,15.9406,1.2,7.347045,2.999418,5.6,37.55704,7.097614,10.6,63.6301,8.740266,,,,"2,053.40",53.3,,,100,40.2,1.3,141,940,17.8,,5,4.5,356,230,2122,25.3,6765,562,1765,263,182,76.4,7.1,16.3,0.2,5289,6096,3811,16739,56.9,1487,7864,44.5,0.3827,52.9,32.4,2,-1.294,19,5,0.208,151,148,148,26.06,5.54,21.3,0.02,0.1,0.11,0.4
2720,טירה,המרכז,486,-8.2,98.7,193.1,143.5,55.4,-10.3,..,2.55,1654.333,67.11,87.41,1.302646,טירה,31,48,60213,20.4,282.2392,27.94584,,,,,,,,,,59284,,21.4,227.7403,22.01649,,,,,,,,,,,,,"2,128.70",25.3,,,100,34.1,2,81,405,16.2,,1.4,-3.1,76,46,1667,31.2,446,564,992,100,76,76.4,15.8,0.6,7.3,6221,7055,5255,10117,46.4,1104,7486,44.8,0.3687,54,45.8,4,-0.469,91,7,1.152,210,207,217,11.79,4.39,37.2,0.03,0.3,0.02,0.2
2730,טייבה,המרכז,805,11.1,161.2,182.7,122.7,55.2,-11.3,..,2.73,2843,70.08,103.34,1.192179,טייבה,28,47,98381,28.2,246.0131,20.71804,,,,,,,,,,96663,,36.6,254.3911,18.80513,,,,,,,,,,,,,"2,198.70",41.6,,,100,38.9,1.7,151,654,15.9,,3.6,-4.5,235,137,2369,24,3685,535,1379,183,145,76.6,10.5,7.5,5.4,5833,6550,4905,15051,50.1,1412,7226,52.2,0.3721,65.8,51.1,3,-0.878,53,6,0.929,201,197,200,18.87,3.67,19.4,0.01,0.1,0.06,0.3
2800,קרית שמונה,הצפון,390,..,34.8,147.2,176.8,93.9,31.2,..,2.47,1573,68.21,58.43,0.855451,קרית שמונה,23,30,57202,42.6,373.3661,25.58262,,,,,,,,,,58178,,46.4,351.2501,23.0607,,,,,,,,,,,,,"1,595.80",22.9,96.4,89.2,-,26.1,5,132,258,11.2,15.1,1,-2.5,311,130,2826,28.6,923,550,1235,133,132,73.3,14.7,0.3,11.6,7221,8759,5660,11849,39.8,567,8856,46.7,0.3831,61.8,47.8,5,-0.014,131,2,-1.245,12,20,11,14.56,2.73,18.8,0.02,0.1,0.14,1
3000,ירושלים,ירושלים,24117,23.7,183.5,210.7,187.7,124.8,42.4,5,3.89,38538,44.96,53.38,0.157594,ירושלים,17,30,356270,711,291.2915,4.885489,144,58.43654,2.177801,66,26.88976,1.480233,92,37.573,1.75185,450010,1,847,297.2219,4.568322,53,16.8487,1.038935,97,32.11225,1.456641,274,101.6825,2.74918,82.9,18.7,13.2,"7,014.10",882.7,62.3,60.8,37.7,39.5,4,3713,20404,23.3,8.2,81.6,3.5,3249,1458,71771,16,22762,14595,19079,3476,2161,42.1,10.2,37.9,9.8,7119,7874,6237,267963,45,18484,8497,53.4,0.4331,37.1,31.8,3,-0.802,61,9,3.453,250,250,151,125.42,41.69,33.2,0.6,0.5,1.83,1.5
3570,אריאל,אזור יהודה והשומרון,312,..,25.2,124.6,188.4,93.3,-22.3,..,2.29,1169.333,62.91,56.39,0.955674,אריאל,16,27,,,,,,,,,,,,,,,,,,,,,,,,,,,,,,,..,19.2,98.8,80.7,-,23.9,4.7,104,208,11,35.4,0.2,..,203,85,2106,40.6,117,292,456,67,77,40,34.9,4.3,20.8,8342,10008,6675,10005,32.5,497,8997,47.1,0.3756,76.7,61.4,6,0.378,162,5,0.18,144,100,180,14.36,1.66,11.6,0.01,0.1,0.08,0.6
3616,מעלה אדומים,אזור יהודה והשומרון,721,..,66.5,182.4,187,102,35.2,..,2.88,1661.667,44.38,47.97,0.691153,מעלה אדומים,19,28,90369,42.6,307.3525,21.05944,,,,,,,,,,93800,,52.8,306.7953,18.88195,,,,,,,,,,,,,..,37.7,99.8,96.6,-,33.1,3.4,131,590,15.7,15.4,1.4,-2,319,137,2996,22.9,465,505,729,116,153,39.2,20.9,32.6,7.3,8936,10659,7362,18953,32.4,971,9890,40.6,0.3848,77.7,65,6,0.298,156,5,0.347,165,166,142,46.48,2.39,5.1,,-,0.08,0.2
3730,גבעת זאב,אזור יהודה והשומרון,538,..,178.2,242.4,217.8,207,-40.5,-15.9,4.54,542.3333,34.75,45.66,1.212867,גבעת זאב,13,25,,,,,,,,,,,,,,,,,,,,,,,,,,,,,,,..,16.9,99.9,99,-,40.5,2.1,32,506,30.7,8,1.6,-3.4,125,51,1090,8.8,123,125,260,73,66,33.9,14.8,41.6,9.8,8354.474,9789.837,7097.344,7085,39.4,504,9351.649,41.1,0.4185,47.8,37.8,6,0.217,149,5,0.584,179,178,168,4.46,1.37,30.7,,-,0.05,1.1
3780,ביתר עילית,אזור יהודה והשומרון,2188,11.3,307.9,376.3,348.4,278.2,102.6,-15.5,7.2,544,11.29,57.61,1.90237,ביתר עילית,10,20,109549,10.8,187.9897,25.58216,,,,,,,,,,107895,,13.8,324.0909,39.01595,,,,,,,,,,,,,..,51.6,100,100,-,61.7,0.3,34,2154,42.7,4.6,6.4,3.1,257,100,527,19.4,1597,79,677,65,16,15.9,4.1,49.7,30.3,4667,5527,4024,12137,60,656,6035,53.2,0.3767,10.2,3.9,1,-1.95,6,5,0.283,158,156,147,4.92,1.3,26.4,0.01,0.2,0.01,0.2
3797,מודיעין עילית,אזור יהודה והשומרון,3075,-5.5,308.5,395.6,334.2,304.3,152.1,-18.8,7.59,510.3333,8.02,54.34,1.831178,מודיעין עילית,10,17,146814,13,318.3638,39.48817,1.2,48.20109,19.67801,,19.84078,19.84078,1.6,76.88496,27.18294,140125,1,16.8,295.5279,32.24474,0.8,20.14265,10.07133,1.2,47.5326,19.4051,4.8,98.21704,20.04847,,,,..,66.8,100,100,-,64.4,0.2,23,3052,46.6,4.2,6.6,2.1,345,85,502,14.9,568,63,718,104,13,29.7,19.8,36,14.5,4475,4767,4330,12835,60.9,825,5018,71.3,0.3819,1.3,0.7,1,-2.075,4,6,0.848,194,195,190,4.83,1.64,34,0.01,0.2,,
4000,חיפה,חיפה,4153,3.2,48.4,121.8,155.6,88,24.7,-2.2,2.22,21405.33,77.15,47.78,0.197144,חיפה,20,32,655171,686.8,358.0662,6.110309,122.6,61.06977,2.466585,83.4,42.03088,2.058261,92.8,47.44085,2.202386,710245,1,802.6,348.6136,5.50313,60.8,23.15411,1.32798,103.2,38.66638,1.702192,248.4,116.485,3.305286,82.4,23.8,19.9,"4,331.40",279.6,88.8,78,11.2,23,9.8,2663,1490,5.3,23.4,10,2.3,1820,849,53414,22.8,9652,7157,9664,1504,1516,50.1,36.5,9.2,4.3,9603,11810,7443,126871,37.4,7487,10308,42.1,0.4751,71.1,62,7,0.652,188,6,1.015,204,219,126,64.68,18.57,28.7,0.42,0.6,0.83,1.3
4201,מג'דל שמס,הצפון,156,..,82.5,122.4,109.6,67.4,-10.9,..,1.99,752.6667,71.23,88.99,1.928142,מג'דל שמס,27,46,,,,,,,,,,,,,,,,,,,,,,,,,,,,,,,702.5,10.8,,,100,32.1,2.4,29,127,11.8,,0.4,..,65,40,677,45.3,631,167,374,58,23,38.2,18.6,7.4,35.9,4681.53,5460.365,3576.073,3871,65.6,627,5835.895,54.2,0.4143,72.9,56.8,3,-0.741,74,2,-1.513,6,9,4,15.87,1.35,8.5,,-,0.02,0.1
5000,תל אביב - יפו,תל אביב,8525,3.4,38.4,77.5,137.3,113.6,48.5,9.5,2.14,25795.33,60.09,45.3,0.166391,תל אביב - יפו,18,28,1028064,832.4,338.9013,5.253179,143.2,57.80698,2.160348,107.8,44.02223,1.896172,100,40.36196,1.805042,1059704,1,1025.6,348.2687,4.863405,90.6,28.69454,1.348187,102,31.07142,1.375866,332,119.0478,2.921913,84.3,19.1,16.9,"8,473.00",438.8,95.6,90.6,4.4,21,7.1,3220,5305,12.2,14,13.6,1.6,3393,1501,64498,12.4,6558,10894,12878,1700,1575,41,47.8,6.1,5.1,10808,12888,8667,224083,31.9,23222,11685,37.5,0.4739,74,65.4,8,1.221,223,10,4.228,254,254,250,51.83,22.32,43.1,0.31,0.6,2.01,3.9
6000,באקה אל-גרביה,חיפה,559,-4.5,158.8,177.8,116.9,55.9,-15.7,..,2.66,1852.333,66.58,102.23,1.472045,באקה אל-גרביה,24,45,67864,18.2,257.728,27.01724,,,,,,,,,,65857,,21.8,268.8332,25.74955,,,,,,,,,,,,,"3,152.10",28.5,,,100,39.2,1.6,134,425,15,,3.2,-4.1,152,92,1454,16.8,880,353,896,167,130,74.7,2.5,11.9,10.9,6191,7320,4473,10240,47.1,943,9025,41.4,0.3657,57.7,40.5,3,-0.736,77,5,0.46,170,160,176,9.06,4.61,50.9,0.02,0.2,0.07,0.8
6100,בני ברק,תל אביב,7173,9.1,275.9,318.5,266.7,204.2,76.6,7.9,5.79,6731.667,37.27,55.9,0.396225,בני ברק,12,24,433675,146,264.1351,9.77608,20.8,40.49565,3.970925,14.4,27.84636,3.281724,21.4,40.83893,3.948048,420713,1,176.6,280.3174,9.43343,10.4,15.75543,2.184885,22.2,33.99139,3.22632,55,91.24508,5.502285,94.6,10.5,,"25,709.40",189,100,99.2,-,47.3,3,626,6547,35.2,4.1,20.8,3.1,845,320,12116,12.7,2722,1978,4610,576,210,27.6,48,14.8,9.6,5577,6230,5165,53147,52.2,2492,8022,49.6,0.4035,7,5.8,2,-1.304,17,10,4,252,252,250,7.31,3.19,43.6,0.1,1.4,0.01,0.1
6200,בת ים,תל אביב,1916,-4.8,64.1,143.3,138.1,76.1,20.8,-2.9,2.25,13301.33,103.3,60.32,0.315872,בת ים,26,36,307134,348.2,370.5395,8.880453,65.8,65.5868,3.615918,55.2,57.55049,3.464132,54,55.33192,3.367394,338503,1,387.8,338.5296,7.687901,27.4,22.39061,1.912959,47,35.90967,2.342489,119.2,109.0395,4.466432,74.7,27.7,19.5,"15,758.40",128.9,99.4,81.2,-,20.9,10,1367,549,4.3,34.7,5.8,2.9,1266,572,28588,29.2,3456,6399,5414,742,706,37.9,46.3,8.2,7.6,7016,8163,5940,63867,38.4,3972,8330,45.6,0.3654,70.8,53.4,5,-0.025,130,9,2.777,243,243,250,8.16,3.97,48.7,0.09,1.1,0.19,2.3
6300,גבעתיים,תל אביב,1089,-,15.6,97.9,158.9,111,39.2,-6.6,2.15,3437,60.06,41.08,0.421842,גבעתיים,16,21,131428,110.8,315.0976,13.38721,20.6,59.3301,5.845968,10.2,27.29458,3.822005,14.6,40.45231,4.734585,148208,1,146.2,334.0605,12.35567,13.6,27.69468,3.358474,13.2,26.02667,3.203661,48.8,120.7223,7.728451,,,,"18,058.20",58.5,100,97,-,23.7,8.8,448,641,11.1,7.7,2.4,-2.2,511,219,9403,4.9,216,1449,1057,239,222,40.2,49.1,6.6,4.1,12207,14695,9946,27584,26,2582,12438,33,0.4375,89.3,84.9,8,1.417,234,10,4.708,255,255,250,3.25,2.24,68.9,0.01,0.3,0.06,1.8
6400,הרצליה,תל אביב,1375,..,16,101.2,164.7,113.1,31.7,-4.7,2.16,6146.333,67.27,43.54,0.330235,הרצליה,20,27,218128,207.4,339.2072,10.53357,45.8,69.67776,4.604436,22.2,35.13554,3.334918,23.2,37.54305,3.485785,230786,1,223.2,324.9259,9.726401,13.4,17.85057,2.180794,23.6,31.80549,2.927933,73.4,107.1997,5.595779,,,,"4,291.00",93.1,99.9,95.6,-,24.1,7.5,645,730,7.9,11.8,2.4,-1.7,767,327,16010,7.9,333,1877,2156,417,418,38,44,13.4,4.6,11532,14129,8992,43730,31.4,4119,12167,36.3,0.4873,79.3,70.9,8,1.373,232,8,2.137,235,235,250,21.77,9.49,43.6,0.1,0.5,0.44,2
6500,חדרה,חיפה,1645,-2.2,57.2,174.1,181.1,94.8,23.6,..,2.67,7147,81.18,61.71,0.42556,חדרה,18,30,208138,179.8,365.6893,12.19642,34.6,68.41902,5.201802,22.6,44.72666,4.20753,29,58.69872,4.874663,215742,1,190.4,333.0992,10.79581,12,19.49196,2.516401,26.6,44.28464,3.839966,58.4,105.7826,6.190458,,,,"1,809.20",91.7,99.1,92.5,-,27.1,6.4,612,1033,11.4,24.1,4.4,2.9,1009,420,13526,25.6,2567,2513,2873,476,450,54,12.4,21.9,11.7,8297,10203,6466,45361,36.7,2829,8833,44,0.4107,63.9,48.2,6,0.255,155,6,0.767,191,188,183,50.64,8.27,16.3,0.16,0.3,0.29,0.6
6600,חולון,תל אביב,3134,3.5,54.8,149.5,153.6,87.6,27.4,4.5,2.4,15472.33,82.19,57.82,0.273778,חולון,23,28,448323,392,337.5111,7.6236,86.4,71.27138,3.429046,51,42.82563,2.681845,49.4,41.31891,2.629059,479740,1,475,351.5908,7.214491,36.4,25.36556,1.88022,51.6,35.60169,2.216465,154,117.8087,4.245532,82.9,19.1,12.3,"10,017.70",190.8,99.9,92.5,-,26,7.4,1343,1791,9.4,17,6.2,2,1737,741,32925,17.4,2564,7221,5997,1084,940,38.8,48.4,6.3,6.5,8806,10499,7256,89405,33.2,7069,9992,36.7,0.4038,73.9,62.3,6,0.509,172,9,3.127,248,248,250,19.06,7.72,40.5,0.12,0.6,0.46,2.4
6700,טבריה,הצפון,906,-8.6,102.1,202,195.6,112.8,25.3,-7.1,3.27,2851.667,67.12,55.54,0.603991,טבריה,16,29,104492,86,382.6413,18.4526,,,,,,,,,,105151,,81,315.0046,15.6527,,,,,,,,,,,,,"2,663.50",43.1,98.5,92.4,-,30.2,5.5,270,636,14.8,12.4,3.4,-4.1,526,226,5634,25.1,2866,962,2731,283,241,75.8,6,7.2,10.9,6227,7496,5002,19429,47,1135,6770,52.5,0.3964,51.3,36.7,4,-0.379,99,3,-0.548,56,69,48,16.28,3.71,22.8,0.06,0.4,0.37,2.3
6800,קרית אתא,חיפה,933,..,56.2,157.1,172.2,72.9,19.9,..,2.41,4753.333,86.53,63.51,0.539181,קרית אתא,25,36,129726,124.2,388.9491,15.60799,21.2,62.70602,6.090547,15.4,47.22288,5.381547,18,57.55151,6.066462,136195,1,129.4,355.6958,13.98385,6.8,17.92049,3.073339,16.8,43.46416,4.742328,38.6,106.9925,7.701487,,,,"3,253.00",56.6,99.8,92.4,-,25.7,6.2,411,522,9.3,17.4,1.8,-2,575,249,8699,26.4,2040,1432,2260,330,356,59.9,28.2,6.7,5.2,8308,10413,6246,27546,36.6,1467,9339,42.9,0.4131,71.5,47.7,6,0.249,154,5,0.345,163,183,106,16.32,5.39,33,0.04,0.2,0.14,0.9
6900,כפר סבא,המרכז,1632,..,23.8,117.4,204.4,116.5,28.6,-7,2.5,6490.667,67.99,47.34,0.34766,כפר סבא,17,25,217987,190.6,343.3386,11.12183,40,67.66617,4.784721,17.2,29.83009,3.216662,22.6,41.33127,3.888119,234947,1,222.4,338.4909,10.15067,14.6,19.82905,2.320815,23.2,32.94333,3.058712,73.6,114.87,5.988013,,,,"6,831.00",99,99.9,96.3,-,27.5,7,652,980,10,11.9,1.4,-0.9,824,361,16093,10.4,464,2041,2299,474,394,56.2,32.9,8.3,2.5,11751,14674,8976,48158,29.2,3791,12031,35.3,0.4553,80.2,73.7,8,1.191,221,8,1.951,230,230,233,14.5,6.31,43.5,0.08,0.6,0.3,2.1
7000,לוד,המרכז,1612,20.6,145.8,207.2,167.4,96.7,25.5,..,3.32,5554.667,76.58,69.49,0.541005,לוד,20,33,176094,124.4,358.958,14.3929,23.6,67.2792,6.193552,18,51.85415,5.465907,19.4,56.45144,5.731776,180496,1,136.4,325.2753,12.45543,11.4,26.9844,3.574172,18.6,42.99272,4.458137,39,95.65638,6.850095,,,,"6,078.30",73.6,70,62.2,30,33.4,5.5,458,1154,15.8,21.4,6,3.7,626,277,8945,34.4,4161,1982,2748,370,408,62.4,19.9,6.4,11.2,6943,8295,5502,32200,39.7,1512,7688,46.9,0.3619,52.5,38.6,4,-0.448,93,7,1.779,228,228,219,12.09,4.51,37.3,0.03,0.2,0.18,1.5
7100,אשקלון,הדרום,2558,6.9,75.1,173.9,183.8,90,21.6,-1.6,2.76,9666.333,75.04,56.51,0.335331,אשקלון,26,38,296829,262.4,363.882,10.04601,48.8,65.80556,4.212769,36.2,49.20578,3.657436,38,52.56641,3.813568,313625,1,300.8,350.6795,9.042458,17.4,19.59643,2.100958,40.4,44.31337,3.117878,97.2,117.6001,5.33445,68.8,29.5,18.4,"2,964.80",134.5,99.7,87.7,-,27.4,6.7,905,1653,12.5,29.4,6.6,2.8,1400,544,19283,41,5754,4858,4581,665,865,48.2,27.4,12.3,12.1,7633,9565,5714,64148,41,3558,8903,45.2,0.4136,73.1,61,5,-0.032,127,5,0.54,177,171,166,45.96,9.44,20.5,0.23,0.5,0.57,1.2
7200,נס ציונה,המרכז,723,..,21.7,133,198.1,102.3,24.3,..,2.42,2339.333,50.44,47.08,0.566655,נס ציונה,18,22,107438,64.4,309.4734,17.24628,,,,,,,,,,110257,,69.8,291.3011,15.59299,,,,,,,,,,,,,"3,071.50",48.2,99.9,98.2,-,32.9,4.3,195,528,11.1,6.6,0.6,..,376,147,4959,9.6,407,778,805,178,191,44.6,37.5,16,1.9,12814,16017,9724,21698,25.7,1626,12582,31.9,0.4344,90.6,83.6,8,1.265,225,8,2.231,236,237,232,15.73,4.15,26.4,0.09,0.6,0.13,0.8
7300,נצרת,הצפון,1362,5.8,118.9,181.4,122.2,45.6,10.6,..,2.43,5524.667,73.5,86.42,0.681814,נצרת,19,34,185497,91.4,342.7809,16.03461,8.8,36.1017,5.442536,18.4,69.81927,7.279162,11.8,44.78328,5.830287,185436,1,89.2,271.2322,12.84322,3.6,12.18675,2.872445,7.4,23.20488,3.814858,36.4,106.2595,7.876475,,,,"5,357.90",75.9,,,100,32.8,3.1,340,1022,13.5,,7,5.2,526,332,5828,31,5477,1119,2695,381,497,63.7,14.8,11.7,9.7,6122,6955,4934,29230,48.6,2466,8971,41.6,0.3879,51.6,42.4,3,-0.558,87,5,0.345,164,182,112,14.14,6.18,43.7,0.09,0.6,0.04,0.3
7400,נתניה,המרכז,3844,3.2,72.3,175,180.4,100.5,23.1,-2.2,2.78,15127.67,73.88,52.72,0.253964,נתניה,21,31,476307,398.6,326.8329,7.321028,69.2,54.04836,2.905658,47.4,38.20633,2.481768,58.4,47.16177,2.759934,501733,1,441.6,312.3627,6.64752,29.6,19.17658,1.576305,49.2,33.69626,2.148395,133.2,98.79027,3.828045,87.9,16.9,11.3,"6,807.70",210.8,99.8,92,-,27.8,7.7,1581,2263,10.8,27.5,9,2.4,2089,889,32140,24.7,5214,6042,6951,1037,923,43.8,28,10.6,17.6,8275,10035,6581,95036,38,6697,9519,42.4,0.4269,68.9,52.4,6,0.24,151,7,1.507,222,223,212,29.04,10.77,37.1,0.1,0.3,0.65,2.2
7500,סח'נין,הצפון,642,..,131.2,223.9,141.5,49.6,-13.6,..,2.83,1566.333,54.09,87.94,1.366143,סח'נין,24,41,71801,22.6,323.7933,30.45991,,,,,,,,,,67595,,20.6,210.0485,20.69669,,,,,,,,,,,,,"3,062.20",29.9,,,100,37.2,1.7,83,559,18.9,,2.6,-4.1,263,159,1364,37.9,3832,268,838,122,142,69.2,0.5,20.2,10.1,5981,6949,4605,11266,52.1,918,7458,46.2,0.3889,68.8,56.7,3,-0.74,76,4,-0.275,90,107,61,9.82,3.19,32.5,0.04,0.4,0.05,0.5
7600,עכו,הצפון,905,-2.9,89.3,187.1,166,73.6,17.6,..,2.69,4231,88.92,72.56,0.646723,עכו,27,37,115900,98.8,394.59,17.75345,,,,,,,,,,119474,,98.4,327.2294,14.75264,,,,,,,,,,,,,"3,362.00",47.8,68.6,61.7,31.4,27.6,5.6,376,529,11.1,17.6,2.4,-2.7,602,279,6417,36.2,5098,969,2229,263,289,59.6,9.2,10,21.2,6787,8200,5271,22567,42.9,1208,8983,43.1,0.3813,68.6,42.5,4,-0.395,96,4,-0.071,115,143,79,14.26,2.53,17.7,0.12,0.8,0.24,1.7
7700,עפולה,הצפון,875,-5.3,71.3,156.2,176.3,97.5,31.5,..,2.71,3384,75.96,58.22,0.584181,עפולה,20,34,102936,90.4,368.3663,17.32649,,,,,,,,,,109413,,97,338.5679,15.37358,,,,,,,,,,,,,"1,611.70",47,99.1,90.6,-,27.4,6,332,543,11.8,22.4,1.6,-2,540,222,6773,34.4,1987,1057,2508,320,277,83.9,10.7,2.5,2.8,7446,9009,5923,23068,39.5,1072,8793,47.4,0.399,56.7,44.6,5,-0.028,129,5,0.035,125,137,128,29.31,4.9,16.7,0.13,0.4,0.19,0.6
7800,פרדס חנה-כרכור,חיפה,687,..,26.1,151.9,203,108.4,34.4,..,2.64,2216.667,59.17,54.87,0.675075,פרדס חנה-כרכור,16,26,86535,56.6,332.737,19.77916,,,,,,,,,,89566,,68,338.7929,18.37362,,,,,,,,,,,,,"1,752.80",39.6,99.9,96.9,-,32.4,4.4,197,490,12.6,12.5,2,-3,394,157,4217,17.7,625,740,1022,182,159,56.4,21.8,19.4,2.4,10012.92,12840.13,7293.5,17700,33.8,1892,9322.061,42.7,0.4441,63.4,56.3,7,0.642,184,5,0.487,173,165,173,22.52,7.16,31.8,0.06,0.3,0.12,0.5
7900,פתח תקווה,המרכז,4538,-2.5,58.8,176.6,203,107.5,28.6,4.5,2.91,16180.33,70.96,55.02,0.253755,פתח תקווה,19,27,531721,415.4,334.1592,7.332215,75,57.94808,2.992426,43.4,34.58738,2.347944,55.8,44.58869,2.669455,557756,1,498,342.9733,6.873226,33,20.91554,1.628272,52.4,34.68095,2.142596,158.8,112.2334,3.983016,82.5,23.9,14.5,"6,626.50",236.2,99.9,92,-,29.8,6.4,1470,3068,13.1,18.8,7,1.6,2084,877,34650,17.9,2839,5434,6053,1073,1061,54.6,31.8,8.8,4.8,9910,11994,7933,114977,30.2,7282,10723,38,0.4193,72.8,63.9,7,0.655,189,9,3.072,247,247,236,35.72,11.13,31.2,0.31,0.9,0.45,1.3
8000,צפת,הצפון,951,-13.8,171.6,233.2,276.9,162.9,60,..,4.61,1461,44.04,47.19,0.714584,צפת,13,27,81243,45.8,334.7843,22.12317,,,,,,,,,,80660,,50.4,314.1698,19.79084,,,,,,,,,,,,,"1,123.50",33.6,97.6,94.1,-,40.3,4.5,168,783,23.4,12.8,4.2,4.5,258,103,3141,30.2,3575,599,1692,125,121,49.6,19.6,12.2,18.5,5862,6958,4851,11673,53.8,722,6730,58.4,0.4284,46.7,28.1,2,-1.011,37,3,-0.942,26,37,18,29.98,2.74,9.1,0.09,0.3,0.17,0.6
8200,קרית מוצקין,חיפה,571,..,26.8,128.4,155.9,81.4,17.5,..,2.07,3912.333,98.02,59.92,0.575685,קרית מוצקין,30,33,92259,102.8,372.9854,16.45168,,,,,,,,,,103096,,119.4,360.7727,14.76544,,,,,,,,,,,,,"10,612.00",40.8,99.9,91.2,-,22.7,9.1,379,192,4.7,22.4,1.2,-2,414,174,8587,20,1154,1556,1434,257,268,59.8,33.9,3.1,3.1,9359,11735,7104,21111,33.7,1018,9986,38.6,0.4279,67.7,51.8,7,0.59,178,5,0.492,175,199,104,3.84,1.96,51,0.02,0.5,0.16,4.2
8300,ראשון לציון,המרכז,3916,2.6,32.4,136.7,178.4,90.9,25.1,3.7,2.35,17326,71.48,51.96,0.23123,ראשון לציון,24,31,579290,507.2,365.602,7.259956,97.6,66.91539,3.029117,63.6,45.11902,2.530149,74.4,54.13965,2.80701,603521,1,519.8,324.6465,6.368067,38.8,22.71514,1.630852,55,33.01751,1.991031,165.4,103.1688,3.58753,87.4,16.9,14.4,"4,212.60",247.3,99.9,92.1,-,24.5,6,1457,2459,10,18.8,7.2,1.9,2276,948,36630,17.2,3374,5458,5995,1246,1268,42.1,41.9,10.2,5.8,9976,12098,7927,126583,30.5,8861,11095,35.1,0.4207,79.1,65.7,7,0.886,204,9,2.846,244,244,237,58.86,14.69,25,0.22,0.4,0.8,1.4
8400,רחובות,המרכז,2730,-3.7,59.5,159,213,110,33.9,-4.3,2.92,8133.667,62.26,49.78,0.324686,רחובות,18,28,301827,216.6,313.3472,9.521637,42.4,58.53618,4.020281,25.2,35.76011,3.185764,23.6,34.04808,3.13438,314878,1,264.4,327.6439,9.011277,17.2,19.87773,2.143471,27,31.40726,2.703107,82.4,106.0323,5.223836,82.1,18.8,13.6,"5,712.40",135.7,99.7,94.5,-,30.7,6,744,1986,14.8,16.1,5.6,2.1,1116,453,18672,16.4,2654,3208,3318,572,578,48.6,20.6,27.1,3.7,10187,12645,7845,62863,32.6,3845,10337,38.9,0.4375,73.8,61,7,0.629,182,8,1.885,229,229,218,23.72,8.01,33.8,0.24,1,0.27,1.1
8500,רמלה,המרכז,1628,15,124.6,209.6,179.4,79.1,26.4,..,3.17,5566.333,76.61,71.13,0.551683,רמלה,23,35,177354,105.4,311.2977,13.56034,18,52.82497,5.568241,14.4,41.82476,4.929095,16,47.59922,5.321754,169537,1,119.8,318.3323,13.00671,6.4,16.16879,2.858265,11.8,30.3851,3.955803,33.6,91.03448,7.023462,,,,"6,252.20",75,77,72.3,23,30.4,4.7,421,1207,16.2,19.2,4.8,3.1,606,281,8335,29.1,2297,2059,3015,376,462,64.9,21.6,9.2,4.2,6990,8344,5595,34036,37.7,2218,8434,40.5,0.3472,57.5,37.6,4,-0.333,103,8,1.972,232,233,227,12.05,4.25,35.3,0.07,0.6,0.17,1.4
8600,רמת גן,תל אביב,2496,-1.3,28,90.8,157,92,39.7,7.5,2.08,9638,63.53,42.03,0.256251,רמת גן,22,27,355851,307.6,312.2796,7.962793,58,57.43267,3.372562,39,38.93977,2.788535,34.2,33.41515,2.555321,391183,1,393,320.8134,7.23721,32.6,24.98049,1.956623,38.4,27.62554,1.993702,129.2,114.1765,4.492213,89.6,10.2,8.6,"9,376.10",153.7,99.8,94.3,-,22.3,9.2,1304,1192,7.8,11.7,4,1.6,1275,552,25674,8.9,1259,4648,3644,727,620,40.3,45.8,6.8,7.1,10679,12773,8722,70529,29.9,6084,11467,36.5,0.4461,81.4,76.7,8,1.041,208,10,4.081,253,253,250,16.4,7.87,48,0.41,2.5,1.37,8.4
8700,רעננה,המרכז,1046,-,26,124.5,199.1,132.8,40.2,-2.1,2.62,4030.667,57.18,40.27,0.375925,רעננה,18,25,169612,135.6,319.6392,12.27567,33,71.07486,5.53317,11.4,26.99988,3.576221,13.8,33.66671,4.052996,177774,1,165,342.0716,11.9094,11.2,22.26442,2.975208,16.8,34.84168,3.801539,52.6,109.4271,6.747566,,,,"4,833.80",71.7,99.9,97.7,-,26.8,6.3,402,644,9,19,1.4,-1.3,497,222,10810,6.3,208,1053,1445,366,283,37.2,52.7,7.6,2.5,12229,15311,9159,33130,31.6,3231,13335,35.7,0.4944,84.9,81.3,8,1.462,240,8,2.022,233,232,238,14.82,6.05,40.8,0.08,0.5,0.46,3.1
8800,שפרעם,הצפון,685,-9.4,91,176.7,121.5,57.6,-11.3,..,2.34,2405.333,60.7,77.28,0.939464,שפרעם,21,39,96678,37.6,289.8565,21.13996,,,,,,,,,,95790,,42.8,269.5676,18.42726,,,,,,,,,,,,,"2,065.00",40.5,,,100,33.4,2.7,135,550,13.7,,4,6.1,254,155,2474,31,3191,401,1375,181,200,56.2,30.2,11.3,2.4,6142,7286,4489,15471,48.8,1109,8546,41.8,0.3847,47.7,41.2,3,-0.784,66,5,0.164,142,167,90,19.58,5.05,25.8,0.03,0.2,0.07,0.4
8900,טמרה,הצפון,601,-6.1,132.7,173.8,104.4,51.3,-16,-,2.42,1807.333,56.46,87.4,1.276158,טמרה,19,42,77456,30.8,372.4873,30.01588,,,,,,,,,,75663,,22.8,225.0134,21.07444,,,,,,,,,,,,,"1,118.10",32.8,,,100,37.3,1.7,74,527,16.2,,1.6,-2.7,157,93,1602,36.9,3300,296,1110,158,115,91,2,0.4,6.6,5316,6163,4155,11902,54.4,842,8295,43.7,0.3639,57,43.3,2,-0.983,43,4,-0.067,118,142,80,29.32,3.29,11.2,0.02,0.1,0.05,0.2
9000,באר שבע,הדרום,3670,6.6,59.7,159.3,163.9,92.4,24.5,-3,2.55,15261.33,75.39,57.61,0.271994,באר שבע,25,36,483378,407.6,363.9081,8.061014,67.2,58.48152,3.190428,51.2,44.98407,2.811504,64,56.69039,3.169089,510217,1,441.4,321.9578,6.853268,25.4,17.8492,1.58386,57.2,38.77277,2.292682,139.2,104.7561,3.970771,81.2,23.5,13.3,"1,751.70",205.8,97.6,87.6,-,26.7,6.8,1555,2115,10.3,25.8,17,4.8,1918,790,28811,35.6,9470,5978,9760,1220,1384,61.2,24.3,4.6,9.9,8291,10194,6415,96864,38.7,3780,9399,44.1,0.4283,69.6,52,5,0.035,136,5,0.194,148,170,93,117.32,16.08,13.7,0.26,0.2,0.66,0.6
9100,נהריה,הצפון,908,..,40.8,163.6,190.8,105.3,21.5,-4,2.64,4668.667,86.28,60.8,0.521701,נהריה,25,34,129840,126.8,388.1003,15.41343,20.8,60.70101,5.952224,11.8,34.9216,4.546406,17.8,53.87381,5.710612,135749,1,133.8,348.8863,13.48872,10.4,24.69107,3.424035,13.8,33.41974,4.023263,40.8,110.0863,7.707584,,,,"4,941.80",54.9,97.5,88.6,-,26.1,7.1,436,472,8.6,20.1,3,-3.3,609,262,9010,24,2383,1276,1707,267,428,55.3,25.2,7.6,11.9,9176,11405,6877,27660,34.5,1603,10154,43.5,0.4114,76.4,61,6,0.436,167,4,-0.306,87,99,62,11.14,4.48,40.2,0.17,1.5,0.34,3.1
9200,בית שאן,הצפון,385,..,84.1,219.8,197.6,104.9,-19.2,..,3.15,1142.667,65.88,64.6,1.116714,בית שאן,17,30,,,,,,,,,,,,,,,,,,,,,,,,,,,,,,,"2,379.90",17.6,99.2,97.4,-,30.9,3.9,100,285,16.3,5.2,1.4,-3.8,248,107,1835,19.7,1234,369,921,80,114,94.7,4.7,0.3,0.3,6990,8590,5330,9114,39.6,420,9266,38.8,0.3651,49.3,31.3,4,-0.277,107,3,-0.607,47,43,77,7.44,2.01,27,0.01,0.1,0.12,1.6
9300,זכרון יעקב,חיפה,344,..,37.4,154.4,216.1,119.6,25.7,..,2.78,988.3333,44.51,44.24,0.822746,זכרון יעקב,13,20,51887,33.2,360.0737,27.94714,,,,,,,,,,53768,,34.8,314.807,23.86546,,,,,,,,,,,,,718.7,22.7,99.8,96.3,-,33.3,3.9,89,255,11.3,10.7,0.6,..,167,73,2107,5.1,162,207,341,88,72,42.7,44.3,11.5,1.5,13491.83,17648.26,9408.323,9944,31,945,11472.31,40.5,0.5063,74.5,67.3,8,1.244,224,5,0.19,146,129,157,31.59,3.51,11.1,0.01,-,0.22,0.7
9400,יהוד,המרכז,479,..,23.1,172.2,203.6,112,25.1,..,2.7,1929,66.99,52.95,0.706766,יהוד,26,30,69211,48.4,303.9991,19.5418,,,,,,,,,,71080,,58,328.1467,19.26944,,,,,,,,,,,,,"5,862.30",29.3,99.9,98.4,-,28.2,5.2,147,332,11.4,5.7,1.4,-3,248,107,3995,8,253,583,681,143,168,50,32.8,12.6,4.5,11030,13489,8694,14505,30,1198,11362,35,0.45,70.3,62.8,8,1.034,207,8,2.274,238,236,240,5,2.52,50.4,0.01,0.2,0.13,2.6
9500,קרית ביאליק,חיפה,612,-4.9,29.9,128.4,187.5,84.8,22.1,..,2.29,3574.333,91.61,58.03,0.579413,קרית ביאליק,18,33,92249,103.6,396.4607,17.41948,,,,,,,,,,99542,,118.2,368.559,15.16049,,,,,,,,,,,,,"4,650.10",39.3,99.9,91.9,-,23.4,7.9,375,237,6,21.6,1.6,-2.7,407,165,7687,20.3,1203,1243,1508,239,303,65.2,28.1,3.3,3.3,8843,10985,6773,19554,34.9,959,9689,41.5,0.4204,69.8,57.2,7,0.567,176,5,0.48,171,196,102,8.47,2.47,29.2,0.01,0.1,0.17,2
9600,קרית ים,חיפה,572,..,42,138.8,168.2,72.7,-16.1,..,2.22,4309.333,110.24,64.59,0.592879,קרית ים,31,38,92202,113.4,389.1906,16.34447,,,,,,,,,,100454,,115,336.3545,14.02695,,,,,,,,,,,,,"8,568.60",39.4,99.8,86.2,-,20.7,9.6,414,158,4,35.3,0.8,..,423,196,8399,33.9,1954,1655,1933,248,254,64.6,26.5,2.7,6.2,7346,9001,5689,19266,39.9,863,7624,50.3,0.3968,66.8,45.6,5,0.018,133,5,0.432,168,191,103,4.58,2.28,49.8,0.03,0.7,0.2,4.4
9700,הוד השרון,המרכז,926,..,13.7,101.6,221.4,122.7,33.1,-5.9,2.49,2944.333,53.06,45,0.483483,הוד השרון,19,23,126386,90.6,339.1712,15.93565,19.4,69.59039,7.065833,7.8,28.66189,4.589575,9,34.92973,5.207017,133581,1,96.6,312.1239,14.20213,7.4,23.52868,3.868091,9.4,29.95491,4.369372,32.4,102.157,8.02621,,,,"3,058.90",58.9,99.9,98,-,30.1,4.7,220,706,12.2,6.7,1.6,-1.9,441,184,6726,7.8,177,790,1067,211,203,46.4,39.5,11.4,2.7,13179,16593,9946,27716,27.9,2699,12429,34.3,0.4755,86.5,82.6,8,1.485,241,8,2.257,237,238,235,19.4,5.99,30.9,0.1,0.5,0.11,0.6
9800,בנימינה-גבעת עדה,חיפה,195,-,-28.9,131.8,185.9,97.9,-21.7,..,2.36,478,32.56,37.41,1.008287,בנימינה-גבעת עדה,10,19,,,,,,,,,,,,,,,,,,,,,,,,,,,,,,,624.7,15.2,99.8,96.6,-,35.6,3.1,51,144,9.6,6.9,0.4,..,83,30,1131,7.4,153,177,235,43,56,46.5,31.7,14.3,7.4,13585.24,17385.44,9625.888,6387,27.6,719,12507.89,39.2,0.473,82.8,79.6,8,1.301,226,5,0.26,155,141,163,24.37,3.24,13.3,0.04,0.2,0.09,0.4
